{
  "attributes": {
    "namespace": "app.mdl"
  },
  "children": [
    {
      "attributes": {
        "id": "vumark",
        "isbound": "false",
        "isdeletable": "false",
        "name": "ThingMark",
        "value": ""
      },
      "name": "twx-app-param"
    },
    {
      "attributes": {
        "id": "template",
        "isbound": "false",
        "isdeletable": "false",
        "name": "Thing Template",
        "value": ""
      },
      "name": "twx-app-param"
    },
    {
      "attributes": {
        "id": "thing",
        "isbound": "false",
        "isdeletable": "false",
        "name": "Thing",
        "value": ""
      },
      "name": "twx-app-param"
    },
    {
      "attributes": {
        "id": "USDZfile",
        "isbound": "false",
        "isdeletable": "true",
        "name": "USDZfile",
        "value": "app/resources/Uploaded/Perseverance.usdz"
      },
      "name": "twx-app-param"
    },
    {
      "attributes": {
        "id": "file",
        "isbound": "false",
        "isdeletable": "true",
        "name": "file",
        "value": "app/resources/Uploaded/Perseverance.glb"
      },
      "name": "twx-app-param"
    }
  ],
  "name": "twx-app-mdl"
}
